feature,target,spearman,n
n_hidden,last_rmse,0.1870443553597311,811
n_hidden,lin_rmse,0.2796798972910131,811
n_hidden,formula_rmse,-0.056623494915613005,811
n_visible,last_rmse,-0.05271167918023659,811
n_visible,lin_rmse,-0.03461069620604646,811
n_visible,formula_rmse,0.035159106194227026,811
last_max_err,last_rmse,0.9237276439406495,811
last_max_err,lin_rmse,0.21045721370774545,811
last_max_err,formula_rmse,0.05506031138906223,811
last_abs_at_500,last_rmse,0.34791665557626383,810
last_abs_at_500,lin_rmse,0.3139759302120405,810
last_abs_at_500,formula_rmse,0.04893388491666961,810
last_abs_at_2000,last_rmse,0.6797339803746278,805
last_abs_at_2000,lin_rmse,0.16435359034897842,805
last_abs_at_2000,formula_rmse,0.0021442543231196902,805
last_abs_at_4000,last_rmse,0.652719281586315,621
last_abs_at_4000,lin_rmse,0.0905342151983921,621
last_abs_at_4000,formula_rmse,0.12333691952221341,621
gr_kurt,last_rmse,0.07955825132277185,811
gr_kurt,lin_rmse,0.0002927453830186384,811
gr_kurt,formula_rmse,-0.004552069783255199,811
gr_skew,last_rmse,0.03721766240591371,811
gr_skew,lin_rmse,0.010985134046450958,811
gr_skew,formula_rmse,0.08068359674230915,811
gr_ac1,last_rmse,-0.05232179486070489,811
gr_ac1,lin_rmse,-0.024829724267368538,811
gr_ac1,formula_rmse,0.018654062120896837,811
gr_ac10,last_rmse,-0.06441887707708613,811
gr_ac10,lin_rmse,-0.03597682693927926,811
gr_ac10,formula_rmse,0.01779968409370642,811
gr_ac50,last_rmse,-0.05549081286242568,811
gr_ac50,lin_rmse,-0.04819582284900844,811
gr_ac50,formula_rmse,0.03807963347130481,811
dtvt_kurt,last_rmse,0.008467262949576776,787
dtvt_kurt,lin_rmse,0.02688317397213182,787
dtvt_kurt,formula_rmse,0.01816455757904241,787
dtvt_skew,last_rmse,-0.04382922126321132,787
dtvt_skew,lin_rmse,-0.0377144394453858,787
dtvt_skew,formula_rmse,-0.04439015056883673,787
dtvt_ac1,last_rmse,-0.01738489415533574,787
dtvt_ac1,lin_rmse,-0.06499908961309098,787
dtvt_ac1,formula_rmse,0.0043277597697218406,787
d2tvt_std,last_rmse,0.013626360078160336,787
d2tvt_std,lin_rmse,0.05881643498000941,787
d2tvt_std,formula_rmse,-0.0061432160222581475,787
d2tvt_p95,last_rmse,0.01774628052534524,787
d2tvt_p95,lin_rmse,0.06462804862808648,787
d2tvt_p95,formula_rmse,-0.030292662171500558,787
tw_scale_best,last_rmse,-0.01922756164300969,811
tw_scale_best,lin_rmse,0.05246057976746399,811
tw_scale_best,formula_rmse,-0.014225209556199126,811
incl_mean,last_rmse,0.13993490197613537,811
incl_mean,lin_rmse,0.1587422376073372,811
incl_mean,formula_rmse,-0.10319154895546422,811
incl_std,last_rmse,-0.07326040626872193,811
incl_std,lin_rmse,-0.09866386620979266,811
incl_std,formula_rmse,0.052045438132692794,811
azi_mean,last_rmse,0.03964216784338499,811
azi_mean,lin_rmse,0.0476377331867413,811
azi_mean,formula_rmse,-0.08349136522047636,811
azi_std,last_rmse,-0.013456006302827745,811
azi_std,lin_rmse,-0.051362804272406526,811
azi_std,formula_rmse,-0.06411757149455263,811
dogleg_mean,last_rmse,-0.009682476154609158,811
dogleg_mean,lin_rmse,0.061021410851635406,811
dogleg_mean,formula_rmse,0.012854609988911109,811
dogleg_p95,last_rmse,0.09828861377211351,811
dogleg_p95,lin_rmse,0.09131011901093017,811
dogleg_p95,formula_rmse,-0.0857574447928503,811
z_dip_mean,last_rmse,0.1466933438980389,811
z_dip_mean,lin_rmse,0.1596194276296297,811
z_dip_mean,formula_rmse,-0.10291800497144087,811
z_dip_std,last_rmse,-0.0678019450666807,811
z_dip_std,lin_rmse,-0.12086007411941853,811
z_dip_std,formula_rmse,0.048430266081648354,811
b_jump_at_ANCC,last_rmse,-0.017528517660669013,787
b_jump_at_ANCC,lin_rmse,-0.12821366825067754,787
b_jump_at_ANCC,formula_rmse,0.11237367458448888,787
b_jump_at_ASTNU,last_rmse,-0.022432667065352782,787
b_jump_at_ASTNU,lin_rmse,-0.13339787610525355,787
b_jump_at_ASTNU,formula_rmse,0.1055745023915751,787
b_jump_at_ASTNL,last_rmse,-0.01534819271211892,787
b_jump_at_ASTNL,lin_rmse,-0.12838466737101434,787
b_jump_at_ASTNL,formula_rmse,0.11025533866343779,787
b_jump_at_EGFDU,last_rmse,-0.020851626825463616,787
b_jump_at_EGFDU,lin_rmse,-0.1266505747943653,787
b_jump_at_EGFDU,formula_rmse,0.11064753373773747,787
b_jump_at_EGFDL,last_rmse,-0.01844846812699818,786
b_jump_at_EGFDL,lin_rmse,-0.1300644612929206,786
b_jump_at_EGFDL,formula_rmse,0.11278542299045186,786
b_jump_at_BUDA,last_rmse,-0.011246675659917266,787
b_jump_at_BUDA,lin_rmse,-0.12433120535522174,787
b_jump_at_BUDA,formula_rmse,0.10371675179859267,787
b_jump_max_abs,last_rmse,-0.03760417109748352,787
b_jump_max_abs,lin_rmse,0.013672062642351964,787
b_jump_max_abs,formula_rmse,0.39550570039344163,787
b_cross_formation_std_p50,last_rmse,-0.038783827298406584,787
b_cross_formation_std_p50,lin_rmse,0.013676705453974144,787
b_cross_formation_std_p50,formula_rmse,0.39541226687285214,787
dtvt_pre_boundary_std,last_rmse,-0.001278322746417757,787
dtvt_pre_boundary_std,lin_rmse,0.17432035705272472,787
dtvt_pre_boundary_std,formula_rmse,0.0312390390419593,787
dtvt_post_boundary_std,last_rmse,0.037795870115337506,787
dtvt_post_boundary_std,lin_rmse,0.14957932073912183,787
dtvt_post_boundary_std,formula_rmse,0.07006536432046244,787
dtvt_post_pre_ratio,last_rmse,0.04200428720104996,787
dtvt_post_pre_ratio,lin_rmse,-0.010924187535839331,787
dtvt_post_pre_ratio,formula_rmse,0.023141183574505345,787
gr_pre_boundary_std,last_rmse,0.1061794247044049,787
gr_pre_boundary_std,lin_rmse,0.31899816967425876,787
gr_pre_boundary_std,formula_rmse,0.051955495324825955,787
gr_post_boundary_std,last_rmse,0.0683354926916463,787
gr_post_boundary_std,lin_rmse,0.2536924091653953,787
gr_post_boundary_std,formula_rmse,0.05209906959344159,787
b_med,last_rmse,-0.029764613282658958,787
b_med,lin_rmse,-0.05620935250209527,787
b_med,formula_rmse,-0.156159112869729,787
b_std,last_rmse,0.061756851757007354,787
b_std,lin_rmse,0.07487294711198586,787
b_std,formula_rmse,-0.03076856645228672,787
b_mad,last_rmse,0.03673713454566896,787
b_mad,lin_rmse,0.07324501181942554,787
b_mad,formula_rmse,0.3016361192264202,787
b_quartile_diff,last_rmse,-0.04120588440296402,787
b_quartile_diff,lin_rmse,-0.039113525382612674,787
b_quartile_diff,formula_rmse,0.2002164399978558,787
ncc_self_max,last_rmse,0.028826867255741323,787
ncc_self_max,lin_rmse,0.11166784161887176,787
ncc_self_max,formula_rmse,0.020306404032762897,787
ncc_self_p90,last_rmse,0.032034713264558826,787
ncc_self_p90,lin_rmse,0.1061039940529923,787
ncc_self_p90,formula_rmse,0.04257471893465924,787
x_med,last_rmse,-0.020903876252562157,811
x_med,lin_rmse,-0.05594706758554408,811
x_med,formula_rmse,0.1141299787243568,811
y_med,last_rmse,-0.037605334906340604,811
y_med,lin_rmse,-0.03398424608024902,811
y_med,formula_rmse,0.2752961818353207,811
tail_50_dtvt_mean,last_rmse,0.020879249862218528,811
tail_50_dtvt_mean,lin_rmse,0.07377442713677969,811
tail_50_dtvt_mean,formula_rmse,-0.08941795608681524,811
tail_50_dtvt_std,last_rmse,7.322868459381295e-05,811
tail_50_dtvt_std,lin_rmse,0.16052880649165163,811
tail_50_dtvt_std,formula_rmse,0.022403185562567447,811
tail_100_slope_md,last_rmse,-0.007299298153493744,811
tail_100_slope_md,lin_rmse,0.07117506927463713,811
tail_100_slope_md,formula_rmse,-0.0810225627105039,811
tail_100_slope_resid_std,last_rmse,0.031192765606394078,811
tail_100_slope_resid_std,lin_rmse,0.23190032641250632,811
tail_100_slope_resid_std,formula_rmse,-0.03109654489583664,811
tail_100_gr_std,last_rmse,0.13392919532534275,811
tail_100_gr_std,lin_rmse,0.38100721959041967,811
tail_100_gr_std,formula_rmse,0.07273896515829398,811
tail_50_dir_sign,last_rmse,-0.0015269879217729512,811
tail_50_dir_sign,lin_rmse,0.01778856221983995,811
tail_50_dir_sign,formula_rmse,-0.0856004415042847,811
n_visible_fp,last_rmse,-0.05271167918023659,811
n_visible_fp,lin_rmse,-0.03461069620604646,811
n_visible_fp,formula_rmse,0.035159106194227026,811
hidden_len,last_rmse,0.1870443553597311,811
hidden_len,lin_rmse,0.2796798972910131,811
hidden_len,formula_rmse,-0.056623494915613005,811
visible_ratio,last_rmse,-0.17804399515949307,811
visible_ratio,lin_rmse,-0.26914539046103375,811
visible_ratio,formula_rmse,0.05221720458700798,811
gr_noise_std,last_rmse,0.06109891385557984,811
gr_noise_std,lin_rmse,0.04249493080860268,811
gr_noise_std,formula_rmse,0.04243252345506367,811
dtvt_std,last_rmse,0.024301567450448137,811
dtvt_std,lin_rmse,-0.01978803547095392,811
dtvt_std,formula_rmse,-0.03979060465616451,811
dtvt_p95,last_rmse,-0.01293861245545049,811
dtvt_p95,lin_rmse,0.01638264722883114,811
dtvt_p95,formula_rmse,-0.042959330166136234,811
dtvt_mean_abs,last_rmse,0.0843962943440355,811
dtvt_mean_abs,lin_rmse,0.06901580633832839,811
dtvt_mean_abs,formula_rmse,0.020170241141204175,811
b_well_resid_std,last_rmse,0.048861200781374264,811
b_well_resid_std,lin_rmse,0.05622376118366097,811
b_well_resid_std,formula_rmse,-0.019440048108105554,811
b_well_mean,last_rmse,-0.025692886979022896,811
b_well_mean,lin_rmse,-0.0530563292732558,811
b_well_mean,formula_rmse,-0.17637627449696724,811
b_well_drift_first_to_last,last_rmse,0.05984342493223565,811
b_well_drift_first_to_last,lin_rmse,0.00863040670894466,811
b_well_drift_first_to_last,formula_rmse,-0.005834618338760801,811
tw_gr_resid_std,last_rmse,0.011865676158028738,811
tw_gr_resid_std,lin_rmse,0.011495484015820963,811
tw_gr_resid_std,formula_rmse,0.04803845408841282,811
tw_gr_resid_mean_abs,last_rmse,0.012178207865081331,811
tw_gr_resid_mean_abs,lin_rmse,0.02918308684228465,811
tw_gr_resid_mean_abs,formula_rmse,-0.00503850515715562,811
tw_gr_resid_mean,last_rmse,-0.009063711968691036,811
tw_gr_resid_mean,lin_rmse,0.017875409815412368,811
tw_gr_resid_mean,formula_rmse,-0.01968445816176373,811
ar1_phi,last_rmse,-0.007169736528031903,811
ar1_phi,lin_rmse,-0.056489206160015244,811
ar1_phi,formula_rmse,0.049114834704877784,811
ar1_eps_std,last_rmse,0.009630597511039962,811
ar1_eps_std,lin_rmse,0.05536573881285196,811
ar1_eps_std,formula_rmse,-0.03321664013116793,811
gr_mean,last_rmse,0.0738695866288983,811
gr_mean,lin_rmse,0.011749477895220888,811
gr_mean,formula_rmse,-0.04808365105065503,811
gr_std,last_rmse,-0.01475072266770514,811
gr_std,lin_rmse,0.054494375576632476,811
gr_std,formula_rmse,0.10080047442187147,811
gr_nan_frac,last_rmse,-0.00703719449275542,811
gr_nan_frac,lin_rmse,-0.0353994150761284,811
gr_nan_frac,formula_rmse,0.05920754084256741,811
tvt_range,last_rmse,0.05405443103489362,811
tvt_range,lin_rmse,0.04539077625046303,811
tvt_range,formula_rmse,0.02575441708491527,811
z_range,last_rmse,-0.009533657371272002,811
z_range,lin_rmse,0.04861564582916192,811
z_range,formula_rmse,0.0723473480537643,811
